{
    "params": {
        "p_omega": [
            8,
            6,
            3,
            9
        ],
        "p_psi": [
            8,
            9,
            5,
            8
        ],
        "p_a2_primary": [
            5,
            1
        ],
        "p_a2_secondary": [
            8,
            4
        ]
    },
    "X0": {
        "X0_omega": [
            0.49600863234845405,
            0.6959336758783783,
            0.9478810997987691,
            0.011887573295775944
        ],
        "X0_psi": [
            0.6423408843954708,
            0.13207745669074156,
            0.45364941458450736,
            0.6623860601160758
        ],
        "X0_a2_primary": [
            0.10540871014600917,
            0.9121038277238153
        ],
        "X0_a2_secondary": [
            0.11923570055979027,
            0.02837967945080111
        ]
    }
}