{
    "params": {
        "p_omega": [
            8,
            1,
            6,
            5
        ],
        "p_psi": [
            9,
            5,
            1,
            4
        ],
        "p_a2_primary": [
            9,
            9
        ],
        "p_a2_secondary": [
            9,
            8
        ]
    },
    "X0": {
        "X0_omega": [
            0.571879091771338,
            0.15480088297918448,
            0.5079159021111916,
            0.6910562879365216
        ],
        "X0_psi": [
            0.8097051025974922,
            0.6348184362407294,
            0.8732041967229202,
            0.9167521796123961
        ],
        "X0_a2_primary": [
            0.6725997693464766,
            0.012057840144063636
        ],
        "X0_a2_secondary": [
            0.7497089030946035,
            0.8620396449944746
        ]
    }
}