{
    "params": {
        "p_omega": [
            5,
            4,
            8,
            6
        ],
        "p_psi": [
            1,
            2,
            5,
            1
        ],
        "p_a2_primary": [
            4,
            6
        ],
        "p_a2_secondary": [
            5,
            1
        ]
    },
    "X0": {
        "X0_omega": [
            0.38715556866724865,
            0.04969564939803772,
            0.5475643086637692,
            0.7384633055621619
        ],
        "X0_psi": [
            0.08087758300297776,
            0.5680384048510757,
            0.606663843996122,
            0.8270528790391348
        ],
        "X0_a2_primary": [
            0.12446199446506334,
            0.5266581840306029
        ],
        "X0_a2_secondary": [
            0.16031102203270764,
            0.887923804530102
        ]
    }
}