{
    "params": {
        "p_omega": [
            5,
            1,
            7,
            3
        ],
        "p_psi": [
            6,
            7,
            3,
            1
        ],
        "p_a2_primary": [
            7,
            3
        ],
        "p_a2_secondary": [
            1,
            8
        ]
    },
    "X0": {
        "X0_omega": [
            0.7517909543386201,
            0.14379207128251303,
            0.7550159125414944,
            0.9827503019384971
        ],
        "X0_psi": [
            0.9493662892034148,
            0.4580872823505181,
            0.492949158985704,
            0.4181080979756807
        ],
        "X0_a2_primary": [
            0.341335376808659,
            0.08458368443926356
        ],
        "X0_a2_secondary": [
            0.16836448838914597,
            0.016301009300336622
        ]
    }
}