{
    "params": {
        "p_omega": [
            3,
            6,
            2,
            5
        ],
        "p_psi": [
            5,
            9,
            2,
            2
        ],
        "p_a2_primary": [
            1,
            5
        ],
        "p_a2_secondary": [
            3,
            3
        ]
    },
    "X0": {
        "X0_omega": [
            0.4674439140840505,
            0.7289341309255317,
            0.10737399078407317,
            0.09312089994669015
        ],
        "X0_psi": [
            0.623923377675209,
            0.9245139401352939,
            0.4772262918775201,
            0.06885604785373645
        ],
        "X0_a2_primary": [
            0.8231245554622877,
            0.6379266669463892
        ],
        "X0_a2_secondary": [
            0.47923401564955026,
            0.27534378855123054
        ]
    }
}